PulseID,Name,Created,Modified,Description,ThreatLevel
6421c1a0fd8452595dc148fa,IP Addresses Logged by the Rosethorn PotNet,2023-03-27T16:17:36.094000,2025-07-10T10:12:25.916000,"Malicious activity detections from a small network of honeypots that spans multiple ISPs and geographic locations.

Behavior is logged on ports 21, 22, 23, 80, 161, 3306, and 5900.",
6847f86832c3af4f5793bcbe,Detecting PureLogs traffic with CapLoader,2025-06-10T09:18:32.900000,2025-07-10T09:02:20.202000,"CapLoader's Port Independent Protocol Identification feature can now detect the C2 protocol used by PureLogs Stealer malware without relying on port numbers. This capability was added in the recent 2.0 release. The blog post demonstrates this functionality using a PCAP file from malware-traffic-analysis.net. It highlights CapLoader's ability to identify protocols in TCP and UDP sessions, enhancing network security monitoring and forensics. The post also provides indicators of compromise, including a domain and IP address associated with PureLogs traffic.",
6847eb4c4b4f501a31f255cd,Follow the Smoke | China-nexus Threat Actors Hammer At the Doors of Top Tier Targets,2025-06-10T08:22:36.617000,2025-07-10T08:02:36.019000,"The research outlines China-nexus threat actors targeting SentinelOne and other organizations between 2024 and 2025. It details intrusions into an IT services company managing SentinelOne's hardware logistics and reconnaissance of SentinelOne's servers. The attacks involved ShadowPad malware and a cluster of activities dubbed PurpleHaze, which included the use of GOREshell backdoors and exploitation of vulnerabilities. Over 70 organizations worldwide were compromised in a broad ShadowPad operation. The threat actors employed sophisticated techniques like operational relay box networks and custom obfuscation methods. The research emphasizes the persistent threat posed by Chinese cyberespionage to various sectors, including cybersecurity vendors.",
6847bc09afce6d1c15aff4af,Honeypot Visitors (TCP/23) - 2025-06-09,2025-06-10T05:00:57.553000,2025-07-10T05:02:24.188000,All IP addresses that hit our honeypot network on port TCP/23 on 2025-06-09,
684874c7cbe4dbef4d0ff749,Whispering in the dark,2025-06-10T18:09:11.360000,2025-07-10T00:00:45.526000,"ESET researchers uncovered a cyberespionage campaign by BladedFeline, an Iran-aligned APT group likely tied to OilRig. The group has targeted Kurdish and Iraqi government officials since at least 2017, using various malicious tools including the Whisper backdoor, PrimeCache IIS module, and reverse tunnels. BladedFeline maintains persistent access to high-ranking officials in both the Kurdistan Regional Government and Iraqi government, likely for espionage purposes. The group's toolset includes sophisticated backdoors, webshells, and custom tunneling applications. ESET assesses with medium confidence that BladedFeline is a subgroup of OilRig, based on shared code, targets, and tactics. The campaign also extended to a telecommunications provider in Uzbekistan.",
686e735ad79ecba7fdb7c152,Malicious pull request infects VS Code extension,2025-07-09T13:49:14.440000,2025-07-09T19:38:39.295000,"A VS Code extension for Ethereum smart contract development, ETHcode, was compromised through a GitHub pull request. The attacker, using a newly created account, submitted a PR that introduced a malicious dependency and code to execute it. The compromise was subtle, involving only two lines of code changes among thousands. The malicious code downloads and runs a batch script from a public file-hosting service, potentially to steal crypto assets or compromise Ethereum contracts. The extension, with nearly 6,000 installs, was removed from the marketplace after discovery. This incident highlights the importance of carefully reviewing contributions, especially from new accounts, and scrutinizing package dependencies in software development workflows.",
686e6de3779dc49cad71265b,Exploitation of Leaked Machine Keys by Initial Access Broker,2025-07-09T13:25:55.165000,2025-07-09T13:32:07.114000,"An initial access broker exploited leaked Machine Keys on ASP.NET sites to gain unauthorized access to organizations. The group, tracked as TGR-CRI-0045, targeted industries in Europe and the U.S. including finance, manufacturing, and technology. They used ASP.NET View State deserialization to execute malicious payloads in server memory, minimizing forensic artifacts. The attackers deployed post-exploitation tools for persistence and privilege escalation. The campaign began in October 2024, with increased activity from January to March 2025. Organizations are advised to review and remediate compromised Machine Keys following Microsoft's guidance. The threat group is possibly linked to Gold Melody based on overlapping indicators and tactics.",
686ddc6c70f3b01f8f7c7edf,Spyware Targets Employees via Weaponized Word Documents Delivering Malware Payloads,2025-07-09T03:05:16.914000,2025-07-09T11:51:25.064000,"An unidentified spyware called Batavia has been targeting Russian industrial organizations since July 2024 through a sophisticated phishing operation. The campaign uses bait emails disguised as contract agreements to trick employees into downloading malicious scripts, initiating a multi-stage infection process. The spyware's ultimate goal is to exfiltrate sensitive internal documents and system data. The attack involves multiple stages, including downloading encrypted VBS scripts, executing Delphi-written executables, and deploying C++-based malware for expanded data theft. Batavia employs advanced evasion tactics and persistence mechanisms, making it a significant threat to organizational security. The campaign remains active, with potential for further damage due to its ability to download additional payloads.",
6839003a3028827e1ebbfb1a,Tracking LummaC2 Infrastructure with Cats,2025-05-30T00:47:54.159000,2025-07-09T08:05:10.295000,"The US Department of Justice and Microsoft disrupted LummaC2 infostealing-malware through domain seizures, taking down over 2,300 associated domains. The FBI and CISA released an advisory detailing LummaC2's tactics and indicators of compromise, including 114 domains. Analysis of these domains revealed common registration patterns, such as using Eastern European names and specific mail server hostnames. Notably, several domains featured an 'About Cats' landing page, with 58 additional domains sharing this characteristic and having high risk scores. These domains are suspected of distributing LummaC2 and other malware strains. Despite the takedown efforts, 41 of these domains remain active, highlighting the need for continued vigilance against LummaC2 infrastructure.",
68548f8da071ef219ccb11ae,Part 2: Tracking LummaC2 Infrastructure,2025-06-19T22:30:37.574000,2025-07-09T07:57:58.222000,"An investigation into domains associated with the LummaC2 infostealing-malware campaign revealed a broader network of nearly 500 domains with highly malicious risk scores. These domains share similar registration patterns, including the use of Eastern European names and the inbox[.]eu email domain. The domains predominantly advertise technical education courses, but are likely lures for malware delivery. Four domains were identified as LummaC2 login panels. The campaign's infrastructure uses specific TLDs, naming conventions, and a Hong Kong address linked to OFAC-sanctioned entities. Security teams are advised to monitor for similar domain patterns, scrutinize suspicious training sites, and educate users about the risks.",
6840aeed45c664821c11fe38,PumaBot: Novel Botnet Targeting IoT Surveillance Devices,2025-06-04T20:39:09.039000,2025-07-08T06:46:59.555000,"A new Go-based Linux botnet named PumaBot has been identified targeting IoT devices, particularly surveillance systems. It brute-forces SSH credentials using lists from a C2 server, then deploys itself and establishes persistence. The malware disguises itself as legitimate system files, creates systemd services, and adds SSH keys for backdoor access. It also includes components for credential theft and system monitoring. The botnet demonstrates sophisticated evasion techniques and aims for long-term access to compromised devices.",
686bd1d61f8e157150620580,Batavia spyware steals data from Russian organizations,2025-07-07T13:55:34.808000,2025-07-07T21:12:07.484000,"The Batavia spyware campaign, active since July 2024, targets Russian industrial enterprises through phishing emails containing malicious links disguised as contract documents. The infection process involves three stages: a VBS script downloader, the WebView.exe spyware, and the javav.exe module. These components collect and exfiltrate various types of files, including system logs, office documents, and screenshots. The malware employs techniques to avoid duplicate file uploads and can download additional payloads. Over 100 users across dozens of organizations have been affected. The campaign highlights the importance of comprehensive cybersecurity measures and employee training to mitigate such threats.",
686bd1d71a879c051d569c88,Digging Gold with a Spoon – Resurgence of Monero-mining Malware,2025-07-07T13:55:35.401000,2025-07-07T21:08:32.063000,"A resurgence of malware deploying XMRig cryptominer was discovered in mid-April 2025, coinciding with a rally in Monero cryptocurrency value. The malware uses a multi-staged approach and LOLBAS techniques, leveraging Windows tools like PowerShell for payload delivery, detection evasion, and persistence. The attack chain involves three stages: initial infection via a batch file, persistence establishment, and cryptomining execution. The malware targets diverse countries, including Russia, Belgium, Greece, and China. It disables Windows Update services, evades Windows Defender, and uses scheduled tasks for persistence. The XMRig miner creates registry entries and drops files for continued operation. Despite its simple, unobfuscated nature, the malware proved effective in avoiding detection.",
686bb6597ce02f8f4a33b453,BERT Ransomware Group Targets Asia and Europe on Multiple Platforms,2025-07-07T11:58:17.281000,2025-07-07T13:34:08.192000,"A newly emerged ransomware group called BERT has been targeting organizations across Asia and Europe since April. The group employs simple code with effective execution, impacting sectors such as healthcare, technology, and event services. BERT's ransomware operates on both Windows and Linux platforms, using PowerShell-based loaders, privilege escalation, and concurrent file encryption. On Linux systems, it can support up to 50 threads for fast encryption and forcibly shut down ESXi virtual machines. The group's tactics include disabling security features, terminating specific processes, and using standard encryption algorithms. BERT's variants have evolved, streamlining their encryption process and expanding their targeting activities. The Linux variant shows similarities to the REvil ransomware, suggesting possible code reuse.",
686a64122fafa4b925fb6300,Applications of Snake Keylogger in Geopolitics: Abuse of Trusted Java Utilities in Cybercriminal Activities,2025-07-06T11:54:58.809000,2025-07-07T10:05:52.138000,"A new phishing campaign using Snake Keylogger, a Russian-origin stealer, has been discovered targeting various victims including corporations, governments, and individuals. The campaign uses spear-phishing emails offering petroleum products, with malicious attachments exploiting the legitimate jsadebugd.exe binary through DLL sideloading to load Snake Keylogger. The attackers are leveraging current geopolitical tensions in the Middle East to expand their reach. The malware steals credentials from browsers and applications, collects system information, and exfiltrates data via SMTP. This campaign marks the first observed malicious use of jsadebugd.exe, indicating evolving tactics to evade detection.",
6844107300a6d8cdddd3cf53,Operation DRAGONCLONE: Chinese Telecom Targeted by Malware,2025-06-07T10:12:03.986000,2025-07-07T10:03:11.132000,"A sophisticated campaign targeting China Mobile Tietong Co., Ltd., a subsidiary of China Mobile, has been uncovered. The attack employs VELETRIX, a new loader, and VShell, a known adversary simulation tool. The infection chain begins with a malicious ZIP file containing executable and DLL files. VELETRIX uses anti-analysis techniques, IPFuscation, and a callback mechanism to execute VShell. The campaign shows overlaps with UNC5174 (Uteus) and Earth Lamia, known China-nexus threat actors. The infrastructure utilizes tools like SuperShell, Cobalt Strike, and Asset Lighthouse System. Active since March 2025, this operation demonstrates advanced tactics, techniques, and procedures associated with Chinese state-sponsored threat groups.",
686a76853f0d96dc7e9502d1,A message from the mechanical shark,2025-07-06T13:13:41.564000,2025-07-07T09:48:17.931000,"Bruce, the mechanical shark from Jaws, reflects on his role in the iconic film 50 years later. He shares insights on the challenges faced during filming due to unpredictable ocean conditions, drawing parallels to cybersecurity. Bruce emphasizes the importance of overpreparing, maintaining perspective, and having strong last-line defenses. The article then transitions to discussing Cisco Talos' enhanced email threat detection engine, addressing brand impersonation tactics using PDF payloads in phishing attacks. It highlights the increasing sophistication of these attacks and provides advice on staying vigilant against such threats.",
686a7686b2cedadb19d5e2b2,Fake Spam Plugin Uses Victim's Domain Name to Evade Detection,2025-07-06T13:13:42.446000,2025-07-07T09:46:03.985000,"A sophisticated SEO spam infection was discovered utilizing a cleverly crafted plugin that mimics the infected domain's name to avoid detection. The malware injects spam content into websites, targeting search engine rankings, and only activates under specific conditions like when a crawler is detected. The plugin's code is heavily obfuscated, using thousands of variable assignments broken into small parts. When decoded, the malware downloads files from external hosts, fetches remote content, and delivers custom spam to search engines while appearing normal to regular users. The attacker's domain, mag1cw0rld[.]com, is used for remote control. This technique allows the spam to remain undetected for longer periods, making it challenging to identify with traditional tools.",
686b547ea7b4fca3cbcb59a4,Honeypot Visitors (TCP/3306) - 2025-07-06,2025-07-07T05:00:46.104000,2025-07-07T05:00:46.622000,All IP addresses that hit our honeypot network on port TCP/3306 on 2025-07-06,
686b5467ce956c5af48a1b13,Honeypot Visitors (TCP/23) - 2025-07-06,2025-07-07T05:00:23.313000,2025-07-07T05:00:30.199000,All IP addresses that hit our honeypot network on port TCP/23 on 2025-07-06,
6843c77813110a4486bd6aa0,Honeypot Visitors (TCP/3306) - 2025-06-06,2025-06-07T05:00:40.922000,2025-07-07T05:00:07.298000,All IP addresses that hit our honeypot network on port TCP/3306 on 2025-06-06,
6843c7653f3660822a4149b1,Honeypot Visitors (TCP/23) - 2025-06-06,2025-06-07T05:00:21.707000,2025-07-07T05:00:07.298000,All IP addresses that hit our honeypot network on port TCP/23 on 2025-06-06,
6842f45696f96557e5f757b1,Operation DRAGONCLONE: Chinese Telecom Targeted by Malware,2025-06-06T13:59:50.252000,2025-07-06T13:01:41.102000,"A sophisticated cyber campaign targeting China Mobile Tietong Co., Ltd., a subsidiary of China Mobile, has been uncovered. The operation, dubbed DRAGONCLONE, utilizes VELETRIX and VShell malware to infiltrate systems. The attack chain begins with a malicious ZIP file containing executable files and DLLs, exploiting DLL sideloading against Wondershare Repairit software. VELETRIX, a loader, employs anti-analysis techniques and IPFuscation to decode and execute VShell, a cross-platform OST framework. The campaign shows infrastructure overlaps with known China-nexus threat actors like UNC5174 and Earth Lamia. The attackers utilize various tools including Cobalt Strike, SuperShell, and Asset Lighthouse System for reconnaissance and post-exploitation activities.",
6842e2db57cf477add2cd72d,Blitz Malware: A Tale of Game Cheats and Code Repositories,2025-06-06T12:45:15.157000,2025-07-06T12:02:25.486000,"Blitz is a new Windows-based malware discovered in 2024 consisting of a downloader and bot payload. The latest version was spread through backdoored game cheats for Standoff 2 distributed via Telegram. Blitz abuses Hugging Face Spaces to host components of its C2 infrastructure and payloads. The malware performs information stealing and DDoS attacks. An XMRig cryptocurrency miner was also deployed as follow-up malware. By May 2025, the developer claimed to have abandoned the project. Russia accounted for the highest number of infections among 289 victims across 26 countries. Palo Alto Networks customers are protected through various security products and services.",
6842e2da7eafc4bf38554913,Analysis of the latest Mirai wave exploiting TBK DVR devices with CVE-2024-3721,2025-06-06T12:45:14.646000,2025-07-06T12:02:25.486000,"A new wave of Mirai botnet attacks is exploiting CVE-2024-3721 to target TBK DVR devices. The campaign uses a POST request to execute system commands without authorization, downloading and running an ARM32 binary. This Mirai variant includes features like RC4 string encryption, anti-VM checks, and anti-emulation techniques. The malware verifies if it's running in a virtual environment and checks for allowed directories. Infected devices are primarily located in China, India, Egypt, Ukraine, Russia, Turkey, and Brazil. Over 50,000 exposed DVR devices are potentially vulnerable. The botnet's main goal is to conduct DDoS attacks. Updating vulnerable devices and performing factory resets are recommended as protective measures.",
6842cae388c3c1ee6c4030be,From open-source to open threat: Tracking Chaos RAT’s evolution,2025-06-06T11:02:59.021000,2025-07-06T11:02:04.894000,"Chaos RAT, an open-source remote administration tool written in Golang, has evolved since its first appearance in 2022. Recent variants have been identified in Linux and Windows attacks. The malware offers cross-platform compatibility and is being exploited by threat actors for malicious purposes. It provides an administrative panel for payload generation and control of compromised systems. The latest samples show improved encoding of configuration data and expanded capabilities. A critical vulnerability in Chaos RAT's web panel allowed attackers to execute remote code on the server. While overall usage remains limited, its low detection profile creates opportunities for espionage, data exfiltration, and establishing footholds for further attacks.",
6842cadffd8a660c92f9fecb,Abusing Paste.ee to Deploy XWorm and AsyncRAT Across Global C2 Infrastructure,2025-06-06T11:02:55.218000,2025-07-06T11:02:04.894000,"A sophisticated malware campaign has been discovered utilizing paste.ee to distribute XWorm and AsyncRAT. The attackers employ obfuscated JavaScript with Unicode characters to download and execute malicious code from paste.ee URLs. The infrastructure includes multiple C2 servers across Europe and the US, using specific ports and SSL certificates. XWorm, a stealthy RAT, captures keystrokes, exfiltrates data, and maintains persistent remote access. AsyncRAT, an open-source trojan, is also part of the campaign. The attackers use a network of IP addresses and domains, with some hosted by QuadraNet Enterprises LLC and dataforest GmbH. Defenders are advised to block identified domains, monitor suspicious connections, and update security software to detect unusual behavior.",
68427614f44c3c0b53367973,Honeypot Visitors (TCP/3306) - 2025-06-05,2025-06-06T05:01:08.451000,2025-07-06T05:04:36.133000,All IP addresses that hit our honeypot network on port TCP/3306 on 2025-06-05,
684275fa4ff2d1258ae53b9e,Honeypot Visitors (TCP/23) - 2025-06-05,2025-06-06T05:00:42.987000,2025-07-06T05:04:36.133000,All IP addresses that hit our honeypot network on port TCP/23 on 2025-06-05,
686a0313d53a33a4044d6b7c,Honeypot Visitors (TCP/3306) - 2025-07-05,2025-07-06T05:01:07.462000,2025-07-06T05:01:07.462000,All IP addresses that hit our honeypot network on port TCP/3306 on 2025-07-05,
686a02fd0fdba518b023efa9,Honeypot Visitors (TCP/23) - 2025-07-05,2025-07-06T05:00:45.992000,2025-07-06T05:00:49.402000,All IP addresses that hit our honeypot network on port TCP/23 on 2025-07-05,
68421bec29671c607cbdcba6,How a Malicious Excel File (CVE-2017-0199) Delivers the FormBook Payload,2025-06-05T22:36:28.419000,2025-07-06T00:02:23.596000,"A high-severity phishing campaign targeting old version Office Application users exploits CVE-2017-0199 vulnerability to deliver FormBook malware. The attack begins with an email containing a malicious Excel attachment. When opened, it triggers the vulnerability, downloading and executing a malicious HTA file. This file then downloads and runs 'sihost.exe', which extracts and decodes 'springmaker', ultimately revealing the FormBook payload. The malware aims to capture sensitive data, including login credentials, keystrokes, and clipboard information. Despite being an 8-year-old vulnerability with available patches, organizations remain vulnerable due to challenges in vulnerability management and remediation. The attack process involves multiple stages of encryption and anti-debugging techniques to evade detection.",
68421bec34b6f0d3020dde66,UNC1151 exploiting Roundcube to steal user credentials in a spearphishing campaign,2025-06-05T22:36:28.966000,2025-07-05T22:01:33.720000,"A spear phishing campaign targeting Polish entities has been observed, exploiting the CVE-2024-42009 vulnerability in Roundcube to steal user credentials. The campaign, attributed to UNC1151, involves sending emails with malicious JavaScript that installs a Service Worker in the victim's browser. This worker intercepts login attempts and sends credentials to the attackers. The exploit allows code execution when an email is opened. A new vulnerability, CVE-2025-49113, has also been discovered in Roundcube, potentially creating a more effective attack chain. The attackers use harvested credentials to analyze mailboxes, download address books, and spread further phishing messages. Organizations using Roundcube are advised to update their installations and review logs for indicators of compromise.",
684209ff0c889eabbed70e8b,How Threat Actors Exploit Human Trust: A Breakdown of the 'Prove You Are Human' Malware Scheme,2025-06-05T21:19:59.635000,2025-07-05T21:03:20.611000,"A malicious campaign exploits user trust through deceptive websites, including spoofed Gitcodes and fake Docusign verification pages. Victims are tricked into running malicious PowerShell scripts on their Windows machines, leading to the installation of NetSupport RAT. The multi-stage attack uses clipboard poisoning and fake CAPTCHAs to deliver the malware. The campaign involves multiple domains, uses ROT13 encoding, and creates persistent infections. Similar techniques were observed in other spoofed content, including Okta and popular media apps. The attack capitalizes on user familiarity with common online interactions, emphasizing the need for vigilance and skepticism in online activities.",
6868b1674548d831856ca0fd,Honeypot Visitors (TCP/23) - 2025-07-04,2025-07-05T05:00:23.849000,2025-07-05T05:00:36.206000,All IP addresses that hit our honeypot network on port TCP/23 on 2025-07-04,
6840aee697bb00ec7c8fc804,GreyNoise Discovers Stealthy Backdoor Campaign Affecting Thousands of ASUS Routers,2025-06-04T20:39:02.154000,2025-07-04T20:00:54.826000,"A sophisticated campaign targeting ASUS routers has been uncovered, compromising thousands of devices. The attackers employ brute-force attempts, authentication bypasses, and exploit CVE-2023-39780 to gain initial access. They establish persistence by enabling SSH access on a custom port and inserting their public key, storing configurations in NVRAM to survive reboots and firmware updates. The operation is characterized by its stealth, disabling logging and avoiding malware installation. The tactics suggest a well-resourced adversary, possibly an APT group. Nearly 9,000 routers are confirmed affected, with numbers growing. The campaign's discovery was facilitated by AI-powered analysis and emulated router profiles, highlighting the attackers' high level of sophistication and long-term planning.",
6840aee5e9ff7e086ccd272c,Behind the Script: Unmasking Phishing Attacks Using Google Apps Script,2025-06-04T20:39:01.640000,2025-07-04T20:00:54.826000,"A sophisticated phishing campaign has been identified that leverages Google Apps Script to create a false sense of security. The attack begins with an email masquerading as an invoice, containing a link to a webpage hosted on Google's trusted environment. When clicked, the link redirects to a fake invoice page, followed by a fraudulent login window designed to capture credentials. The use of Google's domain (script.google.com) adds credibility to the scam, making it more likely for users to fall victim. Once credentials are entered, they are transmitted to the attacker, and the user is redirected to a legitimate Microsoft login page to avoid suspicion. This technique demonstrates how threat actors are exploiting trusted platforms to make their attacks more convincing and effective.",
6840aeddc28c5d119100354d,Analysis of T-Rex CoinMiner Attacks Targeting Internet Cafés in Korea,2025-06-04T20:38:53.037000,2025-07-04T20:00:54.826000,"A series of attacks targeting Korean Internet cafés have been identified, focusing on systems with specific management software installed. The threat actor, active since 2022, uses Gh0st RAT for system control and ultimately installs T-Rex CoinMiner for cryptocurrency mining. The initial access method remains unknown. The attacks involve memory patching of management software and use of downloaders. The malware suite includes Gh0st RAT, its droppers, patchers, downloaders, and T-Rex CoinMiner. Unlike typical coin mining operations using XMRig for Monero, this actor employs T-Rex, likely due to the presence of high-performance GPUs in Internet café PCs. The attacks have been ongoing since late 2024, prompting responses from management software manufacturers.",
6867ae2d0a53dfda37955c4b,Gamaredon in 2024: Cranking out spearphishing campaigns against Ukraine with an evolved toolset,2025-07-04T10:34:21.740000,2025-07-04T10:41:33.920000,"Throughout 2024, Gamaredon focused exclusively on targeting Ukrainian governmental institutions with spearphishing campaigns and weaponized USB drives. The group developed six new tools and significantly updated existing ones, improving stealth and evasion capabilities. Gamaredon increased the scale of its spearphishing campaigns, especially in the second half of the year. The group also made efforts to bypass network-based blocking, hiding most of its command and control infrastructure behind Cloudflare tunnels. Notable updates include enhancements to PteroLNK for weaponizing network drives, improvements in file exfiltration techniques, and the introduction of new downloaders. Despite these advancements, Gamaredon showed signs of operational limitations, occasionally abandoning or infrequently updating certain tools.",
6867a8f5a0504d69fc23bc51,Discovery of Qwizzserial: A New Android SMS Stealer Family,2025-07-04T10:12:05.291000,2025-07-04T10:24:10.702000,"A new Android SMS stealer family, named Qwizzserial, has been uncovered, primarily targeting users in Uzbekistan. The malware exploits the reliance on SMS for two-factor authentication in local payment systems, allowing fraudsters to intercept SMS messages and gain control over victims' finances. Distributed through Telegram, the Qwizzserial campaign mirrors the structure of Classiscam. The stealer has infected approximately 100,000 users, resulting in financial losses of at least US$62,000. The malware's effectiveness stems from the widespread use of SMS for various financial transactions in Uzbekistan, including P2P transfers, payments, and authorization confirmations, often serving as the sole security layer in the absence of 3D Secure or biometric authentication.",
6867a14ec736faf23ba172a2,macOS NimDoor | North Korean Threat Actors Target Web3 and Crypto Platforms with Nim-Based Malware,2025-07-04T09:39:26.774000,2025-07-04T09:51:27.428000,"DPRK threat actors are targeting Web3 and crypto-related businesses using Nim-compiled binaries and multiple attack chains. The malware, dubbed NimDoor, employs unusual techniques for macOS, including process injection and encrypted WebSocket communications. It uses a novel persistence mechanism leveraging signal handlers and deploys AppleScripts as beacons and backdoors. The attack chain begins with social engineering via Telegram, leading to the execution of malicious scripts and binaries. The malware exfiltrates browser data, Keychain credentials, and Telegram user information. The use of Nim introduces new levels of complexity for analysts, blending complex behavior into binaries with less obvious control flow.",
68675ffd17108a04b1fddce4,Honeypot Visitors (TCP/3306) - 2025-07-03,2025-07-04T05:00:45.869000,2025-07-04T05:00:45.869000,All IP addresses that hit our honeypot network on port TCP/3306 on 2025-07-03,
68675fe392be073d12520e25,Honeypot Visitors (TCP/23) - 2025-07-03,2025-07-04T05:00:19.897000,2025-07-04T05:00:30.382000,All IP addresses that hit our honeypot network on port TCP/23 on 2025-07-03,
683f3e227b61a544a68ded67,Illuminating Transparent Tribe,2025-06-03T18:25:38.643000,2025-07-03T21:02:17.833000,"This analysis explores the infrastructure of APT36, also known as Transparent Tribe, using passive DNS and host response history. Starting with indicators from a CyberXTron report on a targeted phishing attack against Indian Government and Defense, the investigation expands through DNS history, IP pivoting, and host response analysis. Key findings include shared name server patterns, non-Cloudflare IP addresses, and connections to previously unreported domains. The research identifies potential new infrastructure using ETag pivoting, revealing domains with similar subdomain conventions to known Transparent Tribe assets. The methodology demonstrates the power of comprehensive DNS data and host response history in uncovering hidden connections and potential threat infrastructure.",
6866650f9a525176d0fa51dc,Apache Under the Lens: Tomcat's Partial PUT and Camel's Header Hijack,2025-07-03T11:10:07.312000,2025-07-03T11:12:13.702000,"In March 2025, Apache disclosed three critical vulnerabilities: CVE-2025-24813 in Apache Tomcat and CVE-2025-27636 and CVE-2025-29891 in Apache Camel. These flaws allow remote code execution, affecting millions of developers. The Tomcat vulnerability exploits partial PUT requests and session persistence features, while the Camel vulnerabilities involve header manipulation. Exploit attempts were observed from over 70 countries, with a surge in activity immediately after disclosure. The article provides detailed analysis of the vulnerabilities, including source code examination, exploitation methods, and telemetry data. It also outlines protection measures and mitigation strategies for affected systems.",
68660e81cdeec0c3034c9aa8,Honeypot Visitors (TCP/3306) - 2025-07-02,2025-07-03T05:00:49.419000,2025-07-03T05:00:49.419000,All IP addresses that hit our honeypot network on port TCP/3306 on 2025-07-02,
68660e65ea7445490bc99ecd,Honeypot Visitors (TCP/23) - 2025-07-02,2025-07-03T05:00:21.235000,2025-07-03T05:00:33.879000,All IP addresses that hit our honeypot network on port TCP/23 on 2025-07-02,
68654eff7ba38f77505ba8c5,DCRAT Impersonating the Colombian Government,2025-07-02T15:23:43.664000,2025-07-02T16:21:47.323000,"A new email attack distributing DCRAT, a Remote Access Trojan, has been uncovered. The threat actor impersonates a Colombian government entity to target organizations in Colombia. The attack employs multiple evasion techniques, including password-protected archives, obfuscation, steganography, base64 encoding, and multiple file drops. DCRAT features a modular architecture, comprehensive surveillance capabilities, information theft functions, system manipulation tools, file and process management, and browser credential harvesting. The attack chain involves a phishing email with a ZIP attachment containing a bat file, which drops an obfuscated vbs file. This file eventually runs a base64-encoded script that downloads and executes the final payload. The RAT employs various persistence mechanisms and anti-analysis techniques. It attempts to bypass Windows Antimalware Scan Interface (AMSI) and continuously tries to connect to its command-and-control server.",
686525ea7a156f14f489e7cf,Windows Shortcut (LNK) Malware Strategies,2025-07-02T12:28:26.097000,2025-07-02T12:45:02.470000,"This article provides an in-depth analysis of Windows shortcut (LNK) file malware, based on the examination of 30,000 recent samples. The research reveals four main categories of LNK malware: exploit execution, file on disk execution, in-argument scripts execution, and overlay execution. Each technique is explained in detail with examples. The flexibility of LNK files makes them attractive to attackers, as they can both execute malicious content and masquerade as legitimate files. The article also discusses the structure of LNK files, highlighting key fields that are commonly exploited. The researchers observed a significant increase in malicious LNK samples, from 21,098 in 2023 to 68,392 in 2024. The article concludes with recommendations for users to exercise caution when handling unknown LNK files and provides guidance on identifying potential threats.",
6864dc6fbb7b39eefb96ee85,Analysis of the threat case of kimsuky group using 'ClickFix' tactic,2025-07-02T07:14:55.822000,2025-07-02T07:27:35.521000,"The Kimsuky group has adopted a deceptive tactic called 'ClickFix' to trick users into unknowingly participating in attack chains. This method involves disguising malicious instructions as troubleshooting guides or security document verification procedures. The campaign is believed to be an extension of Kimsuky's ongoing 'BabyShark' threat activity. The tactic has evolved from VBS-based attacks to more sophisticated email-based and website-delivered methods. Attackers impersonate legitimate entities and use multilingual manuals to guide victims through seemingly harmless steps that actually execute malicious code. The group's infrastructure and linguistic patterns point to North Korean origin. To counter such threats, EDR-based defense strategies are crucial for detecting obfuscated malware and identifying abnormal behaviors.",
